"Reference","Value","MPN","Price","LCSC","Footprint","Qty","DNP"
"C1,C2","47nF","CC0603JRX7R9BB473","0.0026","C519554","Capacitor_SMD:C_0603_1608Metric_Pad1.08x0.95mm_HandSolder","2",""
"C3","47uF","TAJA476K006RNJ","0.0544","C7190","Capacitor_Tantalum_SMD:CP_EIA-3216-18_Kemet-A","1",""
"C4,C23","10uF","CL21A106KPFNNNE","0.0050","C17024","Capacitor_SMD:C_0805_2012Metric","2",""
"C5,C6,C7,C9,C10,C11,C24,C25,C32","100nF","CC0402KRX7R5BB104","0.0007","C541406","Capacitor_SMD:C_0402_1005Metric","9",""
"C8,C26,C27,C33,C34","1uF","CL05A105KQ5NNNC","0.0009","C107372","Capacitor_SMD:C_0402_1005Metric","5",""
"C14,C15","15pF","CC0402FRNPO9BN150","0.0022","C326803","Capacitor_SMD:C_0402_1005Metric","2",""
"D3,D6,D7,D14,D15,D16","M7C","B5819WT","0.0179","C5364321","Diode_SMD:D_SOD-523","6",""
"D4,D5,D8,D11,D12,D13","BAS16VY,115","BAS16VY,115","0.0186","C135826","Package_TO_SOT_SMD:SOT-363_SC-70-6","6",""
"D9,D10","CUS08F30","CUS08F30","0.0092","C27636112","Diode_SMD:D_SOD-323_HandSoldering","2",""
"J1,J10","SM02B-SURS-TF_LF__SN_","SM02B-SURS-TF(LF)(SN)","0.1080","C566239","hhl:JST_SM02B-SURS-TF_LF__SN_","2",""
"J2,J13","503480-0640","503480-0640","0.4028","C3168077","hhl:5034800640","2",""
"J3","Conn_01x06_Pin","N/A","","","Connector_PinHeader_2.00mm:PinHeader_1x06_P2.00mm_Vertical","1","DNP"
"J6,J7","Trigger","PH2.0 mm Female","0.0098","C7499302","Connector_JST:JST_PH_B2B-PH-K_1x02_P2.00mm_Vertical","2",""
"J11","Conn_01x05_Pin","ZX-PZ2.0-1-5PZZ ","0.019","C7501286","Connector_PinHeader_2.00mm:PinHeader_1x05_P2.00mm_Vertical","1",""
"L5","1.3A 2.2uH ±20% 80mΩ","MIP25202R2MBE","0.0208","C315721","Inductor_SMD:L_1008_2520Metric","1",""
"L6","SK6805-EC-15","SK6805-EC-15","0.0492","C2890035","hhl:SK6805-EC-15","1",""
"Q4","BSS138DW","BSS138DW-7-F","0.037","C154900","Package_TO_SOT_SMD:SOT-363_SC-70-6","1",""
"Q5,Q6","MMBT2222A","MMBT2222A","0.0050","C916372","Package_TO_SOT_SMD:SOT-23","2",""
"R1,R2,R10,R12,R25,R28","1k","RC0402FR-071KL","0.0004","C106235","Resistor_SMD:R_0402_1005Metric","6",""
"R3,R32,R40","100R","RC0402FR-07100RL","0.0005","C106232","Resistor_SMD:R_0402_1005Metric","3",""
"R4,R36,R37,R38","75k","RC0402FR-0775KL ","0.0004","C137935","Resistor_SMD:R_0402_1005Metric","4",""
"R5,R31,R39","10k","RC0402FR-0710KL","0.0004","C60490","Resistor_SMD:R_0402_1005Metric","3",""
"R6,R7","27R","RC0201FR-0727RL ","0.0006","C273268","Resistor_SMD:R_0201_0603Metric","2",""
"R11","330R","RC0402FR-07330RL ","0.0005","C105875","Resistor_SMD:R_0402_1005Metric","1",""
"R33,R34,R35,R41","0R","RC0402FR-070RL ","0.0004","C106231","Resistor_SMD:R_0402_1005Metric","4",""
"RV1,RV2","Slider_GCC-Gamecube_MB","RD7091008A","0.2624","C127475","hhl:GCC_Slider_MillMaxSocketed","2",""
"S1,S2,S3,S4,S5,S6","4015-0-43-80-30-27-10-0","4015-0-43-80-30-27-10-0","0.754","C17526581","hhl:4015-0-43-80-30-27-10-0","6",""
"SW5,SW9,SW14,SW17,SW18,SW19","SW_TS-1187A","TS-1187A-C-E-B","0.0197","C318887","hhl:TS-1187A-C-E-B","6",""
"SW6","GL18_SW","GL1807SYAE-002","1.90","","hhl:GL1807SYAE","1",""
"SW7,SW8","SW_Push","TC-00100V H5.0 100gf","0.082","","hhl:Z_Switch_Edge_Omron","2",""
"U4","TPS630001RCR","TPS63001DRCR","0.565","C28060","hhl:VREG_V62_16624-01YE","1",""
"U6,U7","MCP3002","MCP3002-I/MS","1.11","C635958","Package_SO:MSOP-8_3x3mm_P0.65mm","2",""
"U8","RP2040","RP2040","0.531","C2040","Package_DFN_QFN:QFN-56-1EP_7x7mm_P0.4mm_EP3.2x3.2mm","1",""
"U9","GD25Q80EEIGR","GD25Q80EEIGR","0.22","C2874937","hhl:USON-8-EP(2x3)","1",""
"Y1","ABM8-272-T3","ABM8-272-T3"," 0.2381","C20625731","Crystal:Crystal_SMD_3225-4Pin_3.2x2.5mm","1",""
